user_id,movie_id,rating
1,50,4
1,172,5
1,210,3
2,,
3,93,5
3,200,4
3,450,2
4,,
5,50,3
5,78,4
5,300,5
6,10,5
6,150,4
7,101,3
7,201,4
7,305,2
8,,
9,12,5
9,33,4
10,44,3
10,77,5
10,88,2
11,,
12,100,4
12,200,3
12,300,5
13,1,2
13,5,4
14,,
15,50,5
15,150,3
15,200,4
16,10,4
16,20,5
17,,
18,12,4
18,33,3
19,50,5
19,100,4
19,150,3
20,,
21,101,4
21,150,5
21,200,3
22,12,3
22,44,5
23,,
24,33,4
24,66,3
24,77,5
25,1,4
25,5,3
26,,
27,50,5
27,55,4
27,60,3
28,10,2
28,20,4
29,,
30,100,5
30,200,4
30,300,3
31,12,4
31,33,5
32,,
33,50,4
33,100,5
34,10,3
34,55,2
34,78,4
35,,
36,12,5
36,22,4
37,33,3
37,44,5
38,,
39,50,2
39,100,4
39,150,5
40,1,3
40,5,4
41,,
42,10,5
42,20,3
42,30,4
43,12,5
43,33,2
44,,
45,50,4
45,78,3
45,100,5
46,101,2
46,150,4
47,,
48,10,3
48,55,5
48,60,4
49,12,2
49,33,5
50,,
51,50,4
51,100,3
51,150,5
52,1,2
52,5,5
53,,
54,10,4
54,20,3
54,30,5
55,12,4
55,33,5
56,,
57,50,3
57,78,4
57,100,5
58,101,2
58,150,4
59,,
60,10,5
60,20,4
60,30,3
61,12,3
61,33,5
62,,
63,50,4
63,100,5
64,10,2
64,55,3
64,78,4
65,,
66,12,5
66,22,3
67,33,4
67,44,5
68,,
69,50,3
69,100,4
69,150,5
70,1,4
70,5,3
71,,
72,10,5
72,20,4
72,30,3
73,12,5
73,33,2
74,,
75,50,4
75,78,3
75,100,5
76,101,2
76,150,4
77,,
78,10,3
78,55,5
78,60,4
79,12,2
79,33,5
80,,
81,50,4
81,100,3
81,150,5
82,1,2
82,5,5
83,,
84,10,4
84,20,3
84,30,5
85,12,4
85,33,5
86,,
87,50,3
87,78,4
87,100,5
88,101,2
88,150,4
89,,
90,10,5
90,20,4
90,30,3
91,12,3
91,33,5
92,,
93,50,4
93,100,5
94,10,2
94,55,3
94,78,4
95,,
96,12,5
96,22,3
97,33,4
97,44,5
98,,
99,50,3
99,100,4
99,150,5
100,1,4
100,5,3
101,,
102,10,5
102,20,4
102,30,3
103,12,5
103,33,2
104,,
105,50,4
105,78,3
105,100,5
106,101,2
106,150,4
107,,
108,10,3
108,55,5
108,60,4
109,12,2
109,33,5
110,,
111,50,4
111,100,3
111,150,5
112,1,2
112,5,5
113,,
114,10,4
114,20,3
114,30,5
115,12,4
115,33,5
116,,
117,50,3
117,78,4
117,100,5
118,101,2
118,150,4
119,,
120,10,5
120,20,4
120,30,3
121,12,3
121,33,5
122,,
123,50,4
123,100,5
124,10,2
124,55,3
124,78,4
125,,
126,12,5
126,22,3
127,33,4
127,44,5
128,,
129,50,3
129,100,4
129,150,5
130,1,4
130,5,3
131,,
132,10,5
132,20,4
132,30,3
133,12,5
133,33,2
134,,
135,50,4
135,78,3
135,100,5
136,101,2
136,150,4
137,,
138,10,3
138,55,5
138,60,4
139,12,2
139,33,5
140,,
141,50,4
141,100,3
141,150,5
142,1,2
142,5,5
143,,
144,10,4
144,20,3
144,30,5
145,12,4
145,33,5
146,,
147,50,3
147,78,4
147,100,5
148,101,2
148,150,4
149,,
150,10,5
150,20,4
150,30,3
151,12,3
151,33,5
152,,
153,50,4
153,100,5
154,10,2
154,55,3
154,78,4
155,,
156,12,5
156,22,3
157,33,4
157,44,5
158,,
159,50,3
159,100,4
159,150,5
160,1,4
160,5,3
161,,
162,10,5
162,20,4
162,30,3
163,12,5
163,33,2
164,,
165,50,4
165,78,3
165,100,5
166,101,2
166,150,4
167,,
168,10,3
168,55,5
168,60,4
169,12,2
169,33,5
170,,
171,50,4
171,100,3
171,150,5
172,1,2
172,5,5
173,,
174,10,4
174,20,3
174,30,5
175,12,4
175,33,5
176,,
177,50,3
177,78,4
177,100,5
178,101,2
178,150,4
179,,
180,10,5
180,20,4
180,30,3
181,12,3
181,33,5
182,,
183,50,4
183,100,5
184,10,2
184,55,3
184,78,4
185,,
186,12,5
186,22,3
187,33,4
187,44,5
188,,
189,50,3
189,100,4
189,150,5
190,1,4
190,5,3
191,,
192,10,5
192,20,4
192,30,3
193,12,5
193,33,2
194,,
195,50,4
195,78,3
195,100,5
196,101,2
196,150,4
197,,
198,10,3
198,55,5
198,60,4
199,12,2
199,33,5
200,,
201,,
202,10,4
202,55,5
203,12,3
203,33,4
203,44,5
204,,
205,50,3
205,78,4
205,100,5
206,101,2
206,150,4
207,,
208,10,5
208,20,4
208,30,3
209,12,3
209,33,5
210,,
211,50,4
211,100,5
212,10,2
212,55,3
212,78,4
213,,
214,12,5
214,22,3
215,33,4
215,44,5
216,,
217,50,3
217,100,4
217,150,5
218,1,4
218,5,3
219,,
220,10,5
220,20,4
220,30,3
221,12,5
221,33,2
222,,
223,50,4
223,78,3
223,100,5
224,101,2
224,150,4
225,,
226,10,3
226,55,5
226,60,4
227,12,2
227,33,5
228,,
229,50,4
229,100,3
229,150,5
230,1,2
230,5,5
231,,
232,10,4
232,20,3
232,30,5
233,12,4
233,33,5
234,,
235,50,3
235,78,4
235,100,5
236,101,2
236,150,4
237,,
238,10,5
238,20,4
238,30,3
239,12,3
239,33,5
240,,
241,50,4
241,100,5
242,10,2
242,55,3
242,78,4
243,,
244,12,5
244,22,3
245,33,4
245,44,5
246,,
247,50,3
247,100,4
247,150,5
248,1,4
248,5,3
249,,
250,10,5
250,20,4
250,30,3
251,12,5
251,33,2
252,,
253,50,4
253,78,3
253,100,5
254,101,2
254,150,4
255,,
256,10,3
256,55,5
256,60,4
257,12,2
257,33,5
258,,
259,50,4
259,100,3
259,150,5
260,1,2
260,5,5
261,,
262,10,4
262,20,3
262,30,5
263,12,4
263,33,5
264,,
265,50,3
265,78,4
265,100,5
266,101,2
266,150,4
267,,
268,10,5
268,20,4
268,30,3
269,12,3
269,33,5
270,,
271,50,4
271,100,5
272,10,2
272,55,3
272,78,4
273,,
274,12,5
274,22,3
275,33,4
275,44,5
276,,
277,50,3
277,100,4
277,150,5
278,1,4
278,5,3
279,,
280,10,5
280,20,4
280,30,3
281,12,5
281,33,2
282,,
283,50,4
283,78,3
283,100,5
284,101,2
284,150,4
285,,
286,10,3
286,55,5
286,60,4
287,12,2
287,33,5
288,,
289,50,4
289,100,3
289,150,5
290,1,2
290,5,5
291,,
292,10,4
292,20,3
292,30,5
293,12,4
293,33,5
294,,
295,50,3
295,78,4
295,100,5
296,101,2
296,150,4
297,,
298,10,5
298,20,4
298,30,3
299,12,3
299,33,5
300,,
301,50,4
301,100,5
302,10,2
302,55,3
302,78,4
303,,
304,12,5
304,22,3
305,33,4
305,44,5
306,,
307,50,3
307,100,4
307,150,5
308,1,4
308,5,3
309,,
310,10,5
310,20,4
310,30,3
311,12,5
311,33,2
312,,
313,50,4
313,78,3
313,100,5
314,101,2
314,150,4
315,,
316,10,3
316,55,5
316,60,4
317,12,2
317,33,5
318,,
319,50,4
319,100,3
319,150,5
320,1,2
320,5,5
321,,
322,10,4
322,20,3
322,30,5
323,12,4
323,33,5
324,,
325,50,3
325,78,4
325,100,5
326,101,2
326,150,4
327,,
328,10,5
328,20,4
328,30,3
329,12,3
329,33,5
330,,
331,50,4
331,100,5
332,10,2
332,55,3
332,78,4
333,,
334,12,5
334,22,3
335,33,4
335,44,5
336,,
337,50,3
337,100,4
337,150,5
338,1,4
338,5,3
339,,
340,10,5
340,20,4
340,30,3
341,12,5
341,33,2
342,,
343,50,4
343,78,3
343,100,5
344,101,2
344,150,4
345,,
346,10,3
346,55,5
346,60,4
347,12,2
347,33,5
348,,
349,50,4
349,100,3
349,150,5
350,1,2
350,5,5
351,,
352,10,4
352,20,3
352,30,5
353,12,4
353,33,5
354,,
355,50,3
355,78,4
355,100,5
356,101,2
356,150,4
357,,
358,10,5
358,20,4
358,30,3
359,12,3
359,33,5
360,,
361,50,4
361,100,5
362,10,2
362,55,3
362,78,4
363,,
364,12,5
364,22,3
365,33,4
365,44,5
366,,
367,50,3
367,100,4
367,150,5
368,1,4
368,5,3
369,,
370,10,5
370,20,4
370,30,3
371,12,5
371,33,2
372,,
373,50,4
373,78,3
373,100,5
374,101,2
374,150,4
375,,
376,10,3
376,55,5
376,60,4
377,12,2
377,33,5
378,,
379,50,4
379,100,3
379,150,5
380,1,2
380,5,5
381,,
382,10,4
382,20,3
382,30,5
383,12,4
383,33,5
384,,
385,50,3
385,78,4
385,100,5
386,101,2
386,150,4
387,,
388,10,5
388,20,4
388,30,3
389,12,3
389,33,5
390,,
391,50,4
391,100,5
392,10,2
392,55,3
392,78,4
393,,
394,12,5
394,22,3
395,33,4
395,44,5
396,,
397,50,3
397,100,4
397,150,5
398,1,4
398,5,3
399,,
400,10,5
400,20,4
400,30,3
401,12,5
401,33,2
402,,
403,50,4
403,78,3
403,100,5
404,101,2
404,150,4
405,,
406,10,3
406,55,5
406,60,4
407,12,2
407,33,5
408,,
409,50,4
409,100,3
409,150,5
410,1,2
410,5,5
411,,
412,10,4
412,20,3
412,30,5
413,12,4
413,33,5
414,,
415,50,3
415,78,4
415,100,5
416,101,2
416,150,4
417,,
418,10,5
418,20,4
418,30,3
419,12,3
419,33,5
420,,
421,50,4
421,100,5
422,10,2
422,55,3
422,78,4
423,,
424,12,5
424,22,3
425,33,4
425,44,5
426,,
427,50,3
427,100,4
427,150,5
428,1,4
428,5,3
429,,
430,10,5
430,20,4
430,30,3
431,12,5
431,33,2
432,,
433,50,4
433,78,3
433,100,5
434,101,2
434,150,4
435,,
436,10,3
436,55,5
436,60,4
437,12,2
437,33,5
438,,
439,50,4
439,100,3
439,150,5
440,1,2
440,5,5
441,,
442,10,4
442,20,3
442,30,5
443,12,4
443,33,5
444,,
445,50,3
445,78,4
445,100,5
446,101,2
446,150,4
447,,
448,10,5
448,20,4
448,30,3
449,12,3
449,33,5
450,,
451,50,4
451,100,5
452,10,2
452,55,3
452,78,4
453,,
454,12,5
454,22,3
455,33,4
455,44,5
456,,
457,50,3
457,100,4
457,150,5
458,1,4
458,5,3
459,,
460,10,5
460,20,4
460,30,3
461,12,5
461,33,2
462,,
463,50,4
463,78,3
463,100,5
464,101,2
464,150,4
465,,
466,10,3
466,55,5
466,60,4
467,12,2
467,33,5
468,,
469,50,4
469,100,3
469,150,5
470,1,2
470,5,5
471,,
472,10,4
472,20,3
472,30,5
473,12,4
473,33,5
474,,
475,50,3
475,78,4
475,100,5
476,101,2
476,150,4
477,,
478,10,5
478,20,4
478,30,3
479,12,3
479,33,5
480,,
481,50,4
481,100,5
482,10,2
482,55,3
482,78,4
483,,
484,12,5
484,22,3
485,33,4
485,44,5
486,,
487,50,3
487,100,4
487,150,5
488,1,4
488,5,3
489,,
490,10,5
490,20,4
490,30,3
491,12,5
491,33,2
492,,
493,50,4
493,78,3
493,100,5
494,101,2
494,150,4
495,,
496,10,3
496,55,5
496,60,4
497,12,2
497,33,5
498,,
499,50,4
499,100,3
499,150,5
500,,
501,,
502,10,4
502,55,5
503,12,3
503,33,4
503,44,5
504,,
505,50,3
505,78,4
505,100,5
506,101,2
506,150,4
507,,
508,10,5
508,20,4
508,30,3
509,12,3
509,33,5
510,,
511,50,4
511,100,5
512,10,2
512,55,3
512,78,4
513,,
514,12,5
514,22,3
515,33,4
515,44,5
516,,
517,50,3
517,100,4
517,150,5
518,1,4
518,5,3
519,,
520,10,5
520,20,4
520,30,3
521,12,5
521,33,2
522,,
523,50,4
523,78,3
523,100,5
524,101,2
524,150,4
525,,
526,10,3
526,55,5
526,60,4
527,12,2
527,33,5
528,,
529,50,4
529,100,3
529,150,5
530,1,2
530,5,5
531,,
532,10,4
532,20,3
532,30,5
533,12,4
533,33,5
534,,
535,50,3
535,78,4
535,100,5
536,101,2
536,150,4
537,,
538,10,5
538,20,4
538,30,3
539,12,3
539,33,5
540,,
541,50,4
541,100,5
542,10,2
542,55,3
542,78,4
543,,
544,12,5
544,22,3
545,33,4
545,44,5
546,,
547,50,3
547,100,4
547,150,5
548,1,4
548,5,3
549,,
550,10,5
550,20,4
550,30,3
551,12,5
551,33,2
552,,
553,50,4
553,78,3
553,100,5
554,101,2
554,150,4
555,,
556,10,3
556,55,5
556,60,4
557,12,2
557,33,5
558,,
559,50,4
559,100,3
559,150,5
560,1,2
560,5,5
561,,
562,10,4
562,20,3
562,30,5
563,12,4
563,33,5
564,,
565,50,3
565,78,4
565,100,5
566,101,2
566,150,4
567,,
568,10,5
568,20,4
568,30,3
569,12,3
569,33,5
570,,
571,50,4
571,100,5
572,10,2
572,55,3
572,78,4
573,,
574,12,5
574,22,3
575,33,4
575,44,5
576,,
577,50,3
577,100,4
577,150,5
578,1,4
578,5,3
579,,
580,10,5
580,20,4
580,30,3
581,12,5
581,33,2
582,,
583,50,4
583,78,3
583,100,5
584,101,2
584,150,4
585,,
586,10,3
586,55,5
586,60,4
587,12,2
587,33,5
588,,
589,50,4
589,100,3
589,150,5
590,1,2
590,5,5
591,,
592,10,4
592,20,3
592,30,5
593,12,4
593,33,5
594,,
595,50,3
595,78,4
595,100,5
596,101,2
596,150,4
597,,
598,10,5
598,20,4
598,30,3
599,12,3
599,33,5
600,,
601,50,4
601,100,5
602,10,2
602,55,3
602,78,4
603,,
604,12,5
604,22,3
605,33,4
605,44,5
606,,
607,50,3
607,100,4
607,150,5
608,1,4
608,5,3
609,,
610,10,5
610,20,4
610,30,3
611,12,5
611,33,2
612,,
613,50,4
613,78,3
613,100,5
614,101,2
614,150,4
615,,
616,10,3
616,55,5
616,60,4
617,12,2
617,33,5
618,,
619,50,4
619,100,3
619,150,5
620,1,2
620,5,5
621,,
622,10,4
622,20,3
622,30,5
623,12,4
623,33,5
624,,
625,50,3
625,78,4
625,100,5
626,101,2
626,150,4
627,,
628,10,5
628,20,4
628,30,3
629,12,3
629,33,5
630,,
631,50,4
631,100,5
632,10,2
632,55,3
632,78,4
633,,
634,12,5
634,22,3
635,33,4
635,44,5
636,,
637,50,3
637,100,4
637,150,5
638,1,4
638,5,3
639,,
640,10,5
640,20,4
640,30,3
641,12,5
641,33,2
642,,
643,50,4
643,78,3
643,100,5
644,101,2
644,150,4
645,,
646,10,3
646,55,5
646,60,4
647,12,2
647,33,5
648,,
649,50,4
649,100,3
649,150,5
650,1,2
650,5,5
651,,
652,10,4
652,20,3
652,30,5
653,12,4
653,33,5
654,,
655,50,3
655,78,4
655,100,5
656,101,2
656,150,4
657,,
658,10,5
658,20,4
658,30,3
659,12,3
659,33,5
660,,
661,50,4
661,100,5
662,10,2
662,55,3
662,78,4
663,,
664,12,5
664,22,3
665,33,4
665,44,5
666,,
667,50,3
667,100,4
667,150,5
668,1,4
668,5,3
669,,
670,10,5
670,20,4
670,30,3
671,12,5
671,33,2
672,,
673,50,4
673,78,3
673,100,5
674,101,2
674,150,4
675,,
676,10,3
676,55,5
676,60,4
677,12,2
677,33,5
678,,
679,50,4
679,100,3
679,150,5
680,1,2
680,5,5
681,,
682,10,4
682,20,3
682,30,5
683,12,4
683,33,5
684,,
685,50,3
685,78,4
685,100,5
686,101,2
686,150,4
687,,
688,10,5
688,20,4
688,30,3
689,12,3
689,33,5
690,,
691,50,4
691,100,5
692,10,2
692,55,3
692,78,4
693,,
694,12,5
694,22,3
695,33,4
695,44,5
696,,
697,50,3
697,100,4
697,150,5
698,1,4
698,5,3
699,,
700,10,5
700,20,4
700,30,3
701,12,5
701,33,2
702,,
703,50,4
703,78,3
703,100,5
704,101,2
704,150,4
705,,
706,10,3
706,55,5
706,60,4
707,12,2
707,33,5
708,,
709,50,4
709,100,3
709,150,5
710,1,2
710,5,5
711,,
712,10,4
712,20,3
712,30,5
713,12,4
713,33,5
714,,
715,50,3
715,78,4
715,100,5
716,101,2
716,150,4
717,,
718,10,5
718,20,4
718,30,3
719,12,3
719,33,5
720,,
721,50,4
721,100,5
722,10,2
722,55,3
722,78,4
723,,
724,12,5
724,22,3
725,33,4
725,44,5
726,,
727,50,3
727,100,4
727,150,5
728,1,4
728,5,3
729,,
730,10,5
730,20,4
730,30,3
731,12,5
731,33,2
732,,
733,50,4
733,78,3
733,100,5
734,101,2
734,150,4
735,,
736,10,3
736,55,5
736,60,4
737,12,2
737,33,5
738,,
739,50,4
739,100,3
739,150,5
740,1,2
740,5,5
741,,
742,10,4
742,20,3
742,30,5
743,12,4
743,33,5
744,,
745,50,3
745,78,4
745,100,5
746,101,2
746,150,4
747,,
748,10,5
748,20,4
748,30,3
749,12,3
749,33,5
750,,
751,50,4
751,100,5
752,10,2
752,55,3
752,78,4
753,,
754,12,5
754,22,3
755,33,4
755,44,5
756,,
757,50,3
757,100,4
757,150,5
758,1,4
758,5,3
759,,
760,10,5
760,20,4
760,30,3
761,12,5
761,33,2
762,,
763,50,4
763,78,3
763,100,5
764,101,2
764,150,4
765,,
766,10,3
766,55,5
766,60,4
767,12,2
767,33,5
768,,
769,50,4
769,100,3
769,150,5
770,1,2
770,5,5
771,,
772,10,4
772,20,3
772,30,5
773,12,4
773,33,5
774,,
775,50,3
775,78,4
775,100,5
776,101,2
776,150,4
777,,
778,10,5
778,20,4
778,30,3
779,12,3
779,33,5
780,,
781,50,4
781,100,5
782,10,2
782,55,3
782,78,4
783,,
784,12,5
784,22,3
785,33,4
785,44,5
786,,
787,50,3
787,100,4
787,150,5
788,1,4
788,5,3
789,,
790,10,5
790,20,4
790,30,3
791,12,5
791,33,2
792,,
793,50,4
793,78,3
793,100,5
794,101,2
794,150,4
795,,
796,10,3
796,55,5
796,60,4
797,12,2
797,33,5
798,,
799,50,4
799,100,3
799,150,5
800,,
801,,
802,10,4
802,55,5
803,12,3
803,33,4
803,44,5
804,,
805,50,3
805,78,4
805,100,5
806,101,2
806,150,4
807,,
808,10,5
808,20,4
808,30,3
809,12,3
809,33,5
810,,
811,50,4
811,100,5
812,10,2
812,55,3
812,78,4
813,,
814,12,5
814,22,3
815,33,4
815,44,5
816,,
817,50,3
817,100,4
817,150,5
818,1,4
818,5,3
819,,
820,10,5
820,20,4
820,30,3
821,12,5
821,33,2
822,,
823,50,4
823,78,3
823,100,5
824,101,2
824,150,4
825,,
826,10,3
826,55,5
826,60,4
827,12,2
827,33,5
828,,
829,50,4
829,100,3
829,150,5
830,1,2
830,5,5
831,,
832,10,4
832,20,3
832,30,5
833,12,4
833,33,5
834,,
835,50,3
835,78,4
835,100,5
836,101,2
836,150,4
837,,
838,10,5
838,20,4
838,30,3
839,12,3
839,33,5
840,,
841,50,4
841,100,5
842,10,2
842,55,3
842,78,4
843,,
844,12,5
844,22,3
845,33,4
845,44,5
846,,
847,50,3
847,100,4
847,150,5
848,1,4
848,5,3
849,,
850,10,5
850,20,4
850,30,3
851,12,5
851,33,2
852,,
853,50,4
853,78,3
853,100,5
854,101,2
854,150,4
855,,
856,10,3
856,55,5
856,60,4
857,12,2
857,33,5
858,,
859,50,4
859,100,3
859,150,5
860,1,2
860,5,5
861,,
862,10,4
862,20,3
862,30,5
863,12,4
863,33,5
864,,
865,50,3
865,78,4
865,100,5
866,101,2
866,150,4
867,,
868,10,5
868,20,4
868,30,3
869,12,3
869,33,5
870,,
871,50,4
871,100,5
872,10,2
872,55,3
872,78,4
873,,
874,12,5
874,22,3
875,33,4
875,44,5
876,,
877,50,3
877,100,4
877,150,5
878,1,4
878,5,3
879,,
880,10,5
880,20,4
880,30,3
881,12,5
881,33,2
882,,
883,50,4
883,78,3
883,100,5
884,101,2
884,150,4
885,,
886,10,3
886,55,5
886,60,4
887,12,2
887,33,5
888,,
889,50,4
889,100,3
889,150,5
890,1,2
890,5,5
891,,
892,10,4
892,20,3
892,30,5
893,12,4
893,33,5
894,,
895,50,3
895,78,4
895,100,5
896,101,2
896,150,4
897,,
898,10,5
898,20,4
898,30,3
899,12,3
899,33,5
900,,
901,50,4
901,100,5
902,10,2
902,55,3
902,78,4
903,,
904,12,5
904,22,3
905,33,4
905,44,5
906,,
907,50,3
907,100,4
907,150,5
908,1,4
908,5,3
909,,
910,10,5
910,20,4
910,30,3
911,12,5
911,33,2
912,,
913,50,4
913,78,3
913,100,5
914,101,2
914,150,4
915,,
916,10,3
916,55,5
916,60,4
917,12,2
917,33,5
918,,
919,50,4
919,100,3
919,150,5
920,1,2
920,5,5
921,,
922,10,4
922,20,3
922,30,5
923,12,4
923,33,5
924,,
925,50,3
925,78,4
925,100,5
926,101,2
926,150,4
927,,
928,10,5
928,20,4
928,30,3
929,12,3
929,33,5
930,,
931,50,4
931,100,5
932,10,2
932,55,3
932,78,4
933,,
934,12,5
934,22,3
935,33,4
935,44,5
936,,
937,50,3
937,100,4
937,150,5
938,1,4
938,5,3
939,,
940,10,5
940,20,4
940,30,3
941,12,5
941,33,2
942,,
943,50,4
943,78,3
943,100,5
944,101,2
944,150,4
945,,
946,10,3
946,55,5
946,60,4
947,12,2
947,33,5
948,,
949,50,4
949,100,3
949,150,5
950,1,2
950,5,5
951,,
952,10,4
952,20,3
952,30,5
953,12,4
953,33,5
954,,
955,50,3
955,78,4
955,100,5
956,101,2
956,150,4
957,,
958,10,5
958,20,4
958,30,3
959,12,3
959,33,5
960,,
961,50,4
961,100,5
962,10,2
962,55,3
962,78,4
963,,
964,12,5
964,22,3
965,33,4
965,44,5
966,,
967,50,3
967,100,4
967,150,5
968,1,4
968,5,3
969,,
970,10,5
970,20,4
970,30,3
971,12,5
971,33,2
972,,
973,50,4
973,78,3
973,100,5
974,101,2
974,150,4
975,,
976,10,3
976,55,5
976,60,4
977,12,2
977,33,5
978,,
979,50,4
979,100,3
979,150,5
980,1,2
980,5,5
981,,
982,10,4
982,20,3
982,30,5
983,12,4
983,33,5
984,,
985,50,3
985,78,4
985,100,5
986,101,2
986,150,4
987,,
988,10,5
988,20,4
988,30,3
989,12,3
989,33,5
990,,
991,50,4
991,100,5
992,10,2
992,55,3
992,78,4
993,,
994,12,5
994,22,3
995,33,4
995,44,5
996,,
997,50,3
997,100,4
997,150,5
998,1,4
998,5,3
999,,
1000,10,5
1000,20,4
1000,30,3
1001,12,5
1001,33,2
1002,,
1003,50,4
1003,78,3
1003,100,5
1004,101,2
1004,150,4
1005,,
1006,10,3
1006,55,5
1006,60,4
1007,12,2
1007,33,5
1008,,
1009,50,4
1009,100,3
1009,150,5
1010,1,2
1010,5,5
1011,,
1012,10,4
1012,20,3
1012,30,5
1013,12,4
1013,33,5
1014,,
1015,50,3
1015,78,4
1015,100,5
1016,101,2
1016,150,4
1017,,
1018,10,5
1018,20,4
1018,30,3
1019,12,3
1019,33,5
1020,,
1021,50,4
1021,100,5
1022,10,2
1022,55,3
1022,78,4
1023,,
1024,12,5
1024,22,3
1025,33,4
1025,44,5
1026,,
1027,50,3
1027,100,4
1027,150,5
1028,1,4
1028,5,3
1029,,
1030,10,5
1030,20,4
1030,30,3
1031,12,5
1031,33,2
1032,,
1033,50,4
1033,78,3
1033,100,5
1034,101,2
1034,150,4
1035,,
1036,10,3
1036,55,5
1036,60,4
1037,12,2
1037,33,5
1038,,
1039,50,4
1039,100,3
1039,150,5
1040,1,2
1040,5,5
1041,,
1042,10,4
1042,20,3
1042,30,5
1043,12,4
1043,33,5
1044,,
1045,50,3
1045,78,4
1045,100,5
1046,101,2
1046,150,4
1047,,
1048,10,5
1048,20,4
1048,30,3
1049,12,3
1049,33,5
1050,,
1051,50,4
1051,100,5
1052,10,2
1052,55,3
1052,78,4
1053,,
1054,12,5
1054,22,3
1055,33,4
1055,44,5
1056,,
1057,50,3
1057,100,4
1057,150,5
1058,1,4
1058,5,3
1059,,
1060,10,5
1060,20,4
1060,30,3
1061,12,5
1061,33,2
1062,,
1063,50,4
1063,78,3
1063,100,5
1064,101,2
1064,150,4
1065,,
1066,10,3
1066,55,5
1066,60,4
1067,12,2
1067,33,5
1068,,
1069,50,4
1069,100,3
1069,150,5
1070,1,2
1070,5,5
1071,,
1072,10,4
1072,20,3
1072,30,5
1073,12,4
1073,33,5
1074,,
1075,50,3
1075,78,4
1075,100,5
1076,101,2
1076,150,4
1077,,
1078,10,5
1078,20,4
1078,30,3
1079,12,3
1079,33,5
1080,,
1081,50,4
1081,100,5
1082,10,2
1082,55,3
1082,78,4
1083,,
1084,12,5
1084,22,3
1085,33,4
1085,44,5
1086,,
1087,50,3
1087,100,4
1087,150,5
1088,1,4
1088,5,3
1089,,
1090,10,5
1090,20,4
1090,30,3
1091,12,5
1091,33,2
1092,,
1093,50,4
1093,78,3
1093,100,5
1094,101,2
1094,150,4
1095,,
1096,10,3
1096,55,5
1096,60,4
1097,12,2
1097,33,5
1098,,
1099,50,4
1099,100,3
1099,150,5
1100,,
1101,,
1102,10,4
1102,55,5
1103,12,3
1103,33,4
1103,44,5
1104,,
1105,50,3
1105,78,4
1105,100,5
1106,101,2
1106,150,4
1107,,
1108,10,5
1108,20,4
1108,30,3
1109,12,3
1109,33,5
1110,,
1111,50,4
1111,100,5
1112,10,2
1112,55,3
1112,78,4
1113,,
1114,12,5
1114,22,3
1115,33,4
1115,44,5
1116,,
1117,50,3
1117,100,4
1117,150,5
1118,1,4
1118,5,3
1119,,
1120,10,5
1120,20,4
1120,30,3
1121,12,5
1121,33,2
1122,,
1123,50,4
1123,78,3
1123,100,5
1124,101,2
1124,150,4
1125,,
1126,10,3
1126,55,5
1126,60,4
1127,12,2
1127,33,5
1128,,
1129,50,4
1129,100,3
1129,150,5
1130,1,2
1130,5,5
1131,,
1132,10,4
1132,20,3
1132,30,5
1133,12,4
1133,33,5
1134,,
1135,50,3
1135,78,4
1135,100,5
1136,101,2
1136,150,4
1137,,
1138,10,5
1138,20,4
1138,30,3
1139,12,3
1139,33,5
1140,,
1141,50,4
1141,100,5
1142,10,2
1142,55,3
1142,78,4
1143,,
1144,12,5
1144,22,3
1145,33,4
1145,44,5
1146,,
1147,50,3
1147,100,4
1147,150,5
1148,1,4
1148,5,3
1149,,
1150,10,5
1150,20,4
1150,30,3
1151,12,5
1151,33,2
1152,,
1153,50,4
1153,78,3
1153,100,5
1154,101,2
1154,150,4
1155,,
1156,10,3
1156,55,5
1156,60,4
1157,12,2
1157,33,5
1158,,
1159,50,4
1159,100,3
1159,150,5
1160,1,2
1160,5,5
1161,,
1162,10,4
1162,20,3
1162,30,5
1163,12,4
1163,33,5
1164,,
1165,50,3
1165,78,4
1165,100,5
1166,101,2
1166,150,4
1167,,
1168,10,5
1168,20,4
1168,30,3
1169,12,3
1169,33,5
1170,,
1171,50,4
1171,100,5
1172,10,2
1172,55,3
1172,78,4
1173,,
1174,12,5
1174,22,3
1175,33,4
1175,44,5
1176,,
1177,50,3
1177,100,4
1177,150,5
1178,1,4
1178,5,3
1179,,
1180,10,5
1180,20,4
1180,30,3
1181,12,5
1181,33,2
1182,,
1183,50,4
1183,78,3
1183,100,5
1184,101,2
1184,150,4
1185,,
1186,10,3
1186,55,5
1186,60,4
1187,12,2
1187,33,5
1188,,
1189,50,4
1189,100,3
1189,150,5
1190,1,2
1190,5,5
1191,,
1192,10,4
1192,20,3
1192,30,5
1193,12,4
1193,33,5
1194,,
1195,50,3
1195,78,4
1195,100,5
1196,101,2
1196,150,4
1197,,
1198,10,5
1198,20,4
1198,30,3
1199,12,3
1199,33,5
1200,,
1201,50,4
1201,100,5
1202,10,2
1202,55,3
1202,78,4
1203,,
1204,12,5
1204,22,3
1205,33,4
1205,44,5
1206,,
1207,50,3
1207,100,4
1207,150,5
1208,1,4
1208,5,3
1209,,
1210,10,5
1210,20,4
1210,30,3
1211,12,5
1211,33,2
1212,,
1213,50,4
1213,78,3
1213,100,5
1214,101,2
1214,150,4
1215,,
1216,10,3
1216,55,5
1216,60,4
1217,12,2
1217,33,5
1218,,
1219,50,4
1219,100,3
1219,150,5
1220,1,2
1220,5,5
1221,,
1222,10,4
1222,20,3
1222,30,5
1223,12,4
1223,33,5
1224,,
1225,50,3
1225,78,4
1225,100,5
1226,101,2
1226,150,4
1227,,
1228,10,5
1228,20,4
1228,30,3
1229,12,3
1229,33,5
1230,,
1231,50,4
1231,100,5
1232,10,2
1232,55,3
1232,78,4
1233,,
1234,12,5
1234,22,3
1235,33,4
1235,44,5
1236,,
1237,50,3
1237,100,4
1237,150,5
1238,1,4
1238,5,3
1239,,
1240,10,5
1240,20,4
1240,30,3
1241,12,5
1241,33,2
1242,,
1243,50,4
1243,78,3
1243,100,5
1244,101,2
1244,150,4
1245,,
1246,10,3
1246,55,5
1246,60,4
1247,12,2
1247,33,5
1248,,
1249,50,4
1249,100,3
1249,150,5
1250,1,2
1250,5,5
1251,,
1252,10,4
1252,20,3
1252,30,5
1253,12,4
1253,33,5
1254,,
1255,50,3
1255,78,4
1255,100,5
1256,101,2
1256,150,4
1257,,
1258,10,5
1258,20,4
1258,30,3
1259,12,3
1259,33,5
1260,,
1261,50,4
1261,100,5
1262,10,2
1262,55,3
1262,78,4
1263,,
1264,12,5
1264,22,3
1265,33,4
1265,44,5
1266,,
1267,50,3
1267,100,4
1267,150,5
1268,1,4
1268,5,3
1269,,
1270,10,5
1270,20,4
1270,30,3
1271,12,5
1271,33,2
1272,,
1273,50,4
1273,78,3
1273,100,5
1274,101,2
1274,150,4
1275,,
1276,10,3
1276,55,5
1276,60,4
1277,12,2
1277,33,5
1278,,
1279,50,4
1279,100,3
1279,150,5
1280,1,2
1280,5,5
1281,,
1282,10,4
1282,20,3
1282,30,5
1283,12,4
1283,33,5
1284,,
1285,50,3
1285,78,4
1285,100,5
1286,101,2
1286,150,4
1287,,
1288,10,5
1288,20,4
1288,30,3
1289,12,3
1289,33,5
1290,,
1291,50,4
1291,100,5
1292,10,2
1292,55,3
1292,78,4
1293,,
1294,12,5
1294,22,3
1295,33,4
1295,44,5
1296,,
1297,50,3
1297,100,4
1297,150,5
1298,1,4
1298,5,3
1299,,
1300,10,5
1300,20,4
1300,30,3
1301,12,5
1301,33,2
1302,,
1303,50,4
1303,78,3
1303,100,5
1304,101,2
1304,150,4
1305,,
1306,10,3
1306,55,5
1306,60,4
1307,12,2
1307,33,5
1308,,
1309,50,4
1309,100,3
1309,150,5
1310,1,2
1310,5,5
1311,,
1312,10,4
1312,20,3
1312,30,5
1313,12,4
1313,33,5
1314,,
1315,50,3
1315,78,4
1315,100,5
1316,101,2
1316,150,4
1317,,
1318,10,5
1318,20,4
1318,30,3
1319,12,3
1319,33,5
1320,,
1321,50,4
1321,100,5
1322,10,2
1322,55,3
1322,78,4
1323,,
1324,12,5
1324,22,3
1325,33,4
1325,44,5
1326,,
1327,50,3
1327,100,4
1327,150,5
1328,1,4
1328,5,3
1329,,
1330,10,5
1330,20,4
1330,30,3
1331,12,5
1331,33,2
1332,,
1333,50,4
1333,78,3
1333,100,5
1334,101,2
1334,150,4
1335,,
1336,10,3
1336,55,5
1336,60,4
1337,12,2
1337,33,5
1338,,
1339,50,4
1339,100,3
1339,150,5
1340,1,2
1340,5,5
1341,,
1342,10,4
1342,20,3
1342,30,5
1343,12,4
1343,33,5
1344,,
1345,50,3
1345,78,4
1345,100,5
1346,101,2
1346,150,4
1347,,
1348,10,5
1348,20,4
1348,30,3
1349,12,3
1349,33,5
1350,,
1351,50,4
1351,100,5
1352,10,2
1352,55,3
1352,78,4
1353,,
1354,12,5
1354,22,3
1355,33,4
1355,44,5
1356,,
1357,50,3
1357,100,4
1357,150,5
1358,1,4
1358,5,3
1359,,
1360,10,5
1360,20,4
1360,30,3
1361,12,5
1361,33,2
1362,,
1363,50,4
1363,78,3
1363,100,5
1364,101,2
1364,150,4
1365,,
1366,10,3
1366,55,5
1366,60,4
1367,12,2
1367,33,5
1368,,
1369,50,4
1369,100,3
1369,150,5
1370,1,2
1370,5,5
1371,,
1372,10,4
1372,20,3
1372,30,5
1373,12,4
1373,33,5
1374,,
1375,50,3
1375,78,4
1375,100,5
1376,101,2
1376,150,4
1377,,
1378,10,5
1378,20,4
1378,30,3
1379,12,3
1379,33,5
1380,,
1381,50,4
1381,100,5
1382,10,2
1382,55,3
1382,78,4
1383,,
1384,12,5
1384,22,3
1385,33,4
1385,44,5
1386,,
1387,50,3
1387,100,4
1387,150,5
1388,1,4
1388,5,3
1389,,
1390,10,5
1390,20,4
1390,30,3
1391,12,5
1391,33,2
1392,,
1393,50,4
1393,78,3
1393,100,5
1394,101,2
1394,150,4
1395,,
1396,10,3
1396,55,5
1396,60,4
1397,12,2
1397,33,5
1398,,
1399,50,4
1399,100,3
1399,150,5
1400,1,2
1400,5,5
1401,,
1402,10,4
1402,20,3
1402,30,5
1403,12,4
1403,33,5
1404,,
1405,50,3
1405,78,4
1405,100,5
1406,101,2
1406,150,4
1407,,
1408,10,5
1408,20,4
1408,30,3
1409,12,3
1409,33,5
1410,,
1411,50,4
1411,100,5
1412,10,2
1412,55,3
1412,78,4
1413,,
1414,12,5
1414,22,3
1415,33,4
1415,44,5
1416,,
1417,50,3
1417,100,4
1417,150,5
1418,1,4
1418,5,3
1419,,
1420,10,5
1420,20,4
1420,30,3
1421,12,5
1421,33,2
1422,,
1423,50,4
1423,78,3
1423,100,5
1424,101,2
1424,150,4
1425,,
1426,10,3
1426,55,5
1426,60,4
1427,12,2
1427,33,5
1428,,
1429,50,4
1429,100,3
1429,150,5
1430,1,2
1430,5,5
1431,,
1432,10,4
1432,20,3
1432,30,5
1433,12,4
1433,33,5
1434,,
1435,50,3
1435,78,4
1435,100,5
1436,101,2
1436,150,4
1437,,
1438,10,5
1438,20,4
1438,30,3
1439,12,3
1439,33,5
1440,,
1441,50,4
1441,100,5
1442,10,2
1442,55,3
1442,78,4
1443,,
1444,12,5
1444,22,3
1445,33,4
1445,44,5
1446,,
1447,50,3
1447,100,4
1447,150,5
1448,1,4
1448,5,3
1449,,
1450,10,5
1450,20,4
1450,30,3
1451,12,5
1451,33,2
1452,,
1453,50,4
1453,78,3
1453,100,5
1454,101,2
1454,150,4
1455,,
1456,10,3
1456,55,5
1456,60,4
1457,12,2
1457,33,5
1458,,
1459,50,4
1459,100,3
1459,150,5
1460,1,2
1460,5,5
1461,,
1462,10,4
1462,20,3
1462,30,5
1463,12,4
1463,33,5
1464,,
1465,50,3
1465,78,4
1465,100,5
1466,101,2
1466,150,4
1467,,
1468,10,5
1468,20,4
1468,30,3
1469,12,3
1469,33,5
1470,,
1471,50,4
1471,100,5
1472,10,2
1472,55,3
1472,78,4
1473,,
1474,12,5
1474,22,3
1475,33,4
1475,44,5
1476,,
1477,50,3
1477,100,4
1477,150,5
1478,1,4
1478,5,3
1479,,
1480,10,5
1480,20,4
1480,30,3
1481,12,5
1481,33,2
1482,,
1483,50,4
1483,78,3
1483,100,5
1484,101,2
1484,150,4
1485,,
1486,10,3
1486,55,5
1486,60,4
1487,12,2
1487,33,5
1488,,
1489,50,4
1489,100,3
1489,150,5
1490,1,2
1490,5,5
1491,,
1492,10,4
1492,20,3
1492,30,5
1493,12,4
1493,33,5
1494,,
1495,50,3
1495,78,4
1495,100,5
1496,101,2
1496,150,4
1497,,
1498,10,5
1498,20,4
1498,30,3
1499,12,3
1499,33,5
1500,,
1501,,
1502,10,4
1502,55,5
1503,12,3
1503,33,4
1503,44,5
1504,,
1505,50,3
1505,78,4
1505,100,5
1506,101,2
1506,150,4
1507,,
1508,10,5
1508,20,4
1508,30,3
1509,12,3
1509,33,5
1510,,
1511,50,4
1511,100,5
1512,10,2
1512,55,3
1512,78,4
1513,,
1514,12,5
1514,22,3
1515,33,4
1515,44,5
1516,,
1517,50,3
1517,100,4
1517,150,5
1518,1,4
1518,5,3
1519,,
1520,10,5
1520,20,4
1520,30,3
1521,12,5
1521,33,2
1522,,
1523,50,4
1523,78,3
1523,100,5
1524,101,2
1524,150,4
1525,,
1526,10,3
1526,55,5
1526,60,4
1527,12,2
1527,33,5
1528,,
1529,50,4
1529,100,3
1529,150,5
1530,1,2
1530,5,5
1531,,
1532,10,4
1532,20,3
1532,30,5
1533,12,4
1533,33,5
1534,,
1535,50,3
1535,78,4
1535,100,5
1536,101,2
1536,150,4
1537,,
1538,10,5
1538,20,4
1538,30,3
1539,12,3
1539,33,5
1540,,
1541,50,4
1541,100,5
1542,10,2
1542,55,3
1542,78,4
1543,,
1544,12,5
1544,22,3
1545,33,4
1545,44,5
1546,,
1547,50,3
1547,100,4
1547,150,5
1548,1,4
1548,5,3
1549,,
1550,10,5
1550,20,4
1550,30,3
1551,12,5
1551,33,2
1552,,
1553,50,4
1553,78,3
1553,100,5
1554,101,2
1554,150,4
1555,,
1556,10,3
1556,55,5
1556,60,4
1557,12,2
1557,33,5
1558,,
1559,50,4
1559,100,3
1559,150,5
1560,1,2
1560,5,5
1561,,
1562,10,4
1562,20,3
1562,30,5
1563,12,4
1563,33,5
1564,,
1565,50,3
1565,78,4
1565,100,5
1566,101,2
1566,150,4
1567,,
1568,10,5
1568,20,4
1568,30,3
1569,12,3
1569,33,5
1570,,
1571,50,4
1571,100,5
1572,10,2
1572,55,3
1572,78,4
1573,,
1574,12,5
1574,22,3
1575,33,4
1575,44,5
1576,,
1577,50,3
1577,100,4
1577,150,5
1578,1,4
1578,5,3
1579,,
1580,10,5
1580,20,4
1580,30,3
1581,12,5
1581,33,2
1582,,
1583,50,4
1583,78,3
1583,100,5
1584,101,2
1584,150,4
1585,,
1586,10,3
1586,55,5
1586,60,4
1587,12,2
1587,33,5
1588,,
1589,50,4
1589,100,3
1589,150,5
1590,1,2
1590,5,5
1591,,
1592,10,4
1592,20,3
1592,30,5
1593,12,4
1593,33,5
1594,,
1595,50,3
1595,78,4
1595,100,5
1596,101,2
1596,150,4
1597,,
1598,10,5
1598,20,4
1598,30,3
1599,12,3
1599,33,5
1600,,
1601,50,4
1601,100,5
1602,10,2
1602,55,3
1602,78,4
1603,,
1604,12,5
1604,22,3
1605,33,4
1605,44,5
1606,,
1607,50,3
1607,100,4
1607,150,5
1608,1,4
1608,5,3
1609,,
1610,10,5
1610,20,4
1610,30,3
1611,12,5
1611,33,2
1612,,
1613,50,4
1613,78,3
1613,100,5
1614,101,2
1614,150,4
1615,,
1616,10,3
1616,55,5
1616,60,4
1617,12,2
1617,33,5
1618,,
1619,50,4
1619,100,3
1619,150,5
1620,1,2
1620,5,5
1621,,
1622,10,4
1622,20,3
1622,30,5
1623,12,4
1623,33,5
1624,,
1625,50,3
1625,78,4
1625,100,5
1626,101,2
1626,150,4
1627,,
1628,10,5
1628,20,4
1628,30,3
1629,12,3
1629,33,5
1630,,
1631,50,4
1631,100,5
1632,10,2
1632,55,3
1632,78,4
1633,,
1634,12,5
1634,22,3
1635,33,4
1635,44,5
1636,,
1637,50,3
1637,100,4
1637,150,5
1638,1,4
1638,5,3
1639,,
1640,10,5
1640,20,4
1640,30,3
1641,12,5
1641,33,2
1642,,
1643,50,4
1643,78,3
1643,100,5
1644,101,2
1644,150,4
1645,,
1646,10,3
1646,55,5
1646,60,4
1647,12,2
1647,33,5
1648,,
1649,50,4
1649,100,3
1649,150,5
1650,1,2
1650,5,5
1651,,
1652,10,4
1652,20,3
1652,30,5
1653,12,4
1653,33,5
1654,,
1655,50,3
1655,78,4
1655,100,5
1656,101,2
1656,150,4
1657,,
1658,10,5
1658,20,4
1658,30,3
1659,12,3
1659,33,5
1660,,
1661,50,4
1661,100,5
1662,10,2
1662,55,3
1662,78,4
1663,,
1664,12,5
1664,22,3
1665,33,4
1665,44,5
1666,,
1667,50,3
1667,100,4
1667,150,5
1668,1,4
1668,5,3
1669,,
1670,10,5
1670,20,4
1670,30,3
1671,12,5
1671,33,2
1672,,
1673,50,4
1673,78,3
1673,100,5
1674,101,2
1674,150,4
1675,,
1676,10,3
1676,55,5
1676,60,4
1677,12,2
1677,33,5
1678,,
1679,50,4
1679,100,3
1679,150,5
1680,1,2
1680,5,5
1681,,
1682,10,4
1682,20,3
1682,30,5
1683,12,4
1683,33,5
1684,,
1685,50,3
1685,78,4
1685,100,5
1686,101,2
1686,150,4
1687,,
1688,10,5
1688,20,4
1688,30,3
1689,12,3
1689,33,5
1690,,
1691,50,4
1691,100,5
1692,10,2
1692,55,3
1692,78,4
1693,,
1694,12,5
1694,22,3
1695,33,4
1695,44,5
1696,,
1697,50,3
1697,100,4
1697,150,5
1698,1,4
1698,5,3
1699,,
1700,10,5
1700,20,4
1700,30,3
1701,12,5
1701,33,2
1702,,
1703,50,4
1703,78,3
1703,100,5
1704,101,2
1704,150,4
1705,,
1706,10,3
1706,55,5
1706,60,4
1707,12,2
1707,33,5
1708,,
1709,50,4
1709,100,3
1709,150,5
1710,1,2
1710,5,5
1711,,
1712,10,4
1712,20,3
1712,30,5
1713,12,4
1713,33,5
1714,,
1715,50,3
1715,78,4
1715,100,5
1716,101,2
1716,150,4
1717,,
1718,10,5
1718,20,4
1718,30,3
1719,12,3
1719,33,5
1720,,
1721,50,4
1721,100,5
1722,10,2
1722,55,3
1722,78,4
1723,,
1724,12,5
1724,22,3
1725,33,4
1725,44,5
1726,,
1727,50,3
1727,100,4
1727,150,5
1728,1,4
1728,5,3
1729,,
1730,10,5
1730,20,4
1730,30,3
1731,12,5
1731,33,2
1732,,
1733,50,4
1733,78,3
1733,100,5
1734,101,2
1734,150,4
1735,,
1736,10,3
1736,55,5
1736,60,4
1737,12,2
1737,33,5
1738,,
1739,50,4
1739,100,3
1739,150,5
1740,1,2
1740,5,5
1741,,
1742,10,4
1742,20,3
1742,30,5
1743,12,4
1743,33,5
1744,,
1745,50,3
1745,78,4
1745,100,5
1746,101,2
1746,150,4
1747,,
1748,10,5
1748,20,4
1748,30,3
1749,12,3
1749,33,5
1750,,
1751,50,4
1751,100,5
1752,10,2
1752,55,3
1752,78,4
1753,,
1754,12,5
1754,22,3
1755,33,4
1755,44,5
1756,,
1757,50,3
1757,100,4
1757,150,5
1758,1,4
1758,5,3
1759,,
1760,10,5
1760,20,4
1760,30,3
1761,12,5
1761,33,2
1762,,
1763,50,4
1763,78,3
1763,100,5
1764,101,2
1764,150,4
1765,,
1766,10,3
1766,55,5
1766,60,4
1767,12,2
1767,33,5
1768,,
1769,50,4
1769,100,3
1769,150,5
1770,1,2
1770,5,5
1771,,
1772,10,4
1772,20,3
1772,30,5
1773,12,4
1773,33,5
1774,,
1775,50,3
1775,78,4
1775,100,5
1776,101,2
1776,150,4
1777,,
1778,10,5
1778,20,4
1778,30,3
1779,12,3
1779,33,5
1780,,
1781,50,4
1781,100,5
1782,10,2
1782,55,3
1782,78,4
1783,,
1784,12,5
1784,22,3
1785,33,4
1785,44,5
1786,,
1787,50,3
1787,100,4
1787,150,5
1788,1,4
1788,5,3
1789,,
1790,10,5
1790,20,4
1790,30,3
1791,12,5
1791,33,2
1792,,
1793,50,4
1793,78,3
1793,100,5
1794,101,2
1794,150,4
1795,,
1796,10,3
1796,55,5
1796,60,4
1797,12,2
1797,33,5
1798,,
1799,50,4
1799,100,3
1799,150,5
1800,1,2
1800,5,5
1801,,
1802,10,4
1802,55,5
1803,12,3
1803,33,4
1803,44,5
1804,,
1805,50,3
1805,78,4
1805,100,5
1806,101,2
1806,150,4
1807,,
1808,10,5
1808,20,4
1808,30,3
1809,12,3
1809,33,5
1810,,
1811,50,4
1811,100,5
1812,10,2
1812,55,3
1812,78,4
1813,,
1814,12,5
1814,22,3
1815,33,4
1815,44,5
1816,,
1817,50,3
1817,100,4
1817,150,5
1818,1,4
1818,5,3
1819,,
1820,10,5
1820,20,4
1820,30,3
1821,12,5
1821,33,2
1822,,
1823,50,4
1823,78,3
1823,100,5
1824,101,2
1824,150,4
1825,,
1826,10,3
1826,55,5
1826,60,4
1827,12,2
1827,33,5
1828,,
1829,50,4
1829,100,3
1829,150,5
1830,1,2
1830,5,5
1831,,
1832,10,4
1832,20,3
1832,30,5
1833,12,4
1833,33,5
1834,,
1835,50,3
1835,78,4
1835,100,5
1836,101,2
1836,150,4
1837,,
1838,10,5
1838,20,4
1838,30,3
1839,12,3
1839,33,5
1840,,
1841,50,4
1841,100,5
1842,10,2
1842,55,3
1842,78,4
1843,,
1844,12,5
1844,22,3
1845,33,4
1845,44,5
1846,,
1847,50,3
1847,100,4
1847,150,5
1848,1,4
1848,5,3
1849,,
1850,10,5
1850,20,4
1850,30,3
1851,12,5
1851,33,2
1852,,
1853,50,4
1853,78,3
1853,100,5
1854,101,2
1854,150,4
1855,,
1856,10,3
1856,55,5
1856,60,4
1857,12,2
1857,33,5
1858,,
1859,50,4
1859,100,3
1859,150,5
1860,1,2
1860,5,5
1861,,
1862,10,4
1862,20,3
1862,30,5
1863,12,4
1863,33,5
1864,,
1865,50,3
1865,78,4
1865,100,5
1866,101,2
1866,150,4
1867,,
1868,10,5
1868,20,4
1868,30,3
1869,12,3
1869,33,5
1870,,
1871,50,4
1871,100,5
1872,10,2
1872,55,3
1872,78,4
1873,,
1874,12,5
1874,22,3
1875,33,4
1875,44,5
1876,,
1877,50,3
1877,100,4
1877,150,5
1878,1,4
1878,5,3
1879,,
1880,10,5
1880,20,4
1880,30,3
1881,12,5
1881,33,2
1882,,
1883,50,4
1883,78,3
1883,100,5
1884,101,2
1884,150,4
1885,,
1886,10,3
1886,55,5
1886,60,4
1887,12,2
1887,33,5
1888,,
1889,50,4
1889,100,3
1889,150,5
1890,1,2
1890,5,5
1891,,
1892,10,4
1892,20,3
1892,30,5
1893,12,4
1893,33,5
1894,,
1895,50,3
1895,78,4
1895,100,5
1896,101,2
1896,150,4
1897,,
1898,10,5
1898,20,4
1898,30,3
1899,12,3
1899,33,5
1900,,
1901,50,4
1901,100,5
1902,10,2
1902,55,3
1902,78,4
1903,,
1904,12,5
1904,22,3
1905,33,4
1905,44,5
1906,,
1907,50,3
1907,100,4
1907,150,5
1908,1,4
1908,5,3
1909,,
1910,10,5
1910,20,4
1910,30,3
1911,12,5
1911,33,2
1912,,
1913,50,4
1913,78,3
1913,100,5
1914,101,2
1914,150,4
1915,,
1916,10,3
1916,55,5
1916,60,4
1917,12,2
1917,33,5
1918,,
1919,50,4
1919,100,3
1919,150,5
1920,1,2
1920,5,5
1921,,
1922,10,4
1922,20,3
1922,30,5
1923,12,4
1923,33,5
1924,,
1925,50,3
1925,78,4
1925,100,5
1926,101,2
1926,150,4
1927,,
1928,10,5
1928,20,4
1928,30,3
1929,12,3
1929,33,5
1930,,
1931,50,4
1931,100,5
1932,10,2
1932,55,3
1932,78,4
1933,,
1934,12,5
1934,22,3
1935,33,4
1935,44,5
1936,,
1937,50,3
1937,100,4
1937,150,5
1938,1,4
1938,5,3
1939,,
1940,10,5
1940,20,4
1940,30,3
1941,12,5
1941,33,2
1942,,
1943,50,4
1943,78,3
1943,100,5
1944,101,2
1944,150,4
1945,,
1946,10,3
1946,55,5
1946,60,4
1947,12,2
1947,33,5
1948,,
1949,50,4
1949,100,3
1949,150,5
1950,1,2
1950,5,5
1951,,
1952,10,4
1952,20,3
1952,30,5
1953,12,4
1953,33,5
1954,,
1955,50,3
1955,78,4
1955,100,5
1956,101,2
1956,150,4
1957,,
1958,10,5
1958,20,4
1958,30,3
1959,12,3
1959,33,5
1960,,
1961,50,4
1961,100,5
1962,10,2
1962,55,3
1962,78,4
1963,,
1964,12,5
1964,22,3
1965,33,4
1965,44,5
1966,,
1967,50,3
1967,100,4
1967,150,5
1968,1,4
1968,5,3
1969,,
1970,10,5
1970,20,4
1970,30,3
1971,12,5
1971,33,2
1972,,
1973,50,4
1973,78,3
1973,100,5
1974,101,2
1974,150,4
1975,,
1976,10,3
1976,55,5
1976,60,4
1977,12,2
1977,33,5
1978,,
1979,50,4
1979,100,3
1979,150,5
1980,1,2
1980,5,5
1981,,
1982,10,4
1982,20,3
1982,30,5
1983,12,4
1983,33,5
1984,,
1985,50,3
1985,78,4
1985,100,5
1986,101,2
1986,150,4
1987,,
1988,10,5
1988,20,4
1988,30,3
1989,12,3
1989,33,5
1990,,
1991,50,4
1991,100,5
1992,10,2
1992,55,3
1992,78,4
1993,,
1994,12,5
1994,22,3
1995,33,4
1995,44,5
1996,,
1997,50,3
1997,100,4
1997,150,5
1998,1,4
1998,5,3
1999,,
2000,10,5
2000,20,4
2000,30,3
2001,,
2002,10,4
2002,55,5
2003,12,3
2003,33,4
2003,44,5
2004,,
2005,50,3
2005,78,4
2005,100,5
2006,101,2
2006,150,4
2007,,
2008,10,5
2008,20,4
2008,30,3
2009,12,3
2009,33,5
2010,,
2011,50,4
2011,100,5
2012,10,2
2012,55,3
2012,78,4
2013,,
2014,12,5
2014,22,3
2015,33,4
2015,44,5
2016,,
2017,50,3
2017,100,4
2017,150,5
2018,1,4
2018,5,3
2019,,
2020,10,5
2020,20,4
2020,30,3
2021,12,5
2021,33,2
2022,,
2023,50,4
2023,78,3
2023,100,5
2024,101,2
2024,150,4
2025,,
2026,10,3
2026,55,5
2026,60,4
2027,12,2
2027,33,5
2028,,
2029,50,4
2029,100,3
2029,150,5
2030,1,2
2030,5,5
2031,,
2032,10,4
2032,20,3
2032,30,5
2033,12,4
2033,33,5
2034,,
2035,50,3
2035,78,4
2035,100,5
2036,101,2
2036,150,4
2037,,
2038,10,5
2038,20,4
2038,30,3
2039,12,3
2039,33,5
2040,,
2041,50,4
2041,100,5
2042,10,2
2042,55,3
2042,78,4
2043,,
2044,12,5
2044,22,3
2045,33,4
2045,44,5
2046,,
2047,50,3
2047,100,4
2047,150,5
2048,1,4
2048,5,3
2049,,
2050,10,5
2050,20,4
2050,30,3
2051,12,5
2051,33,2
2052,,
2053,50,4
2053,78,3
2053,100,5
2054,101,2
2054,150,4
2055,,
2056,10,3
2056,55,5
2056,60,4
2057,12,2
2057,33,5
2058,,
2059,50,4
2059,100,3
2059,150,5
2060,1,2
2060,5,5
2061,,
2062,10,4
2062,20,3
2062,30,5
2063,12,4
2063,33,5
2064,,
2065,50,3
2065,78,4
2065,100,5
2066,101,2
2066,150,4
2067,,
2068,10,5
2068,20,4
2068,30,3
2069,12,3
2069,33,5
2070,,
2071,50,4
2071,100,5
2072,10,2
2072,55,3
2072,78,4
2073,,
2074,12,5
2074,22,3
2075,33,4
2075,44,5
2076,,
2077,50,3
2077,100,4
2077,150,5
2078,1,4
2078,5,3
2079,,
2080,10,5
2080,20,4
2080,30,3
2081,12,5
2081,33,2
2082,,
2083,50,4
2083,78,3
2083,100,5
2084,101,2
2084,150,4
2085,,
2086,10,3
2086,55,5
2086,60,4
2087,12,2
2087,33,5
2088,,
2089,50,4
2089,100,3
2089,150,5
2090,1,2
2090,5,5
2091,,
2092,10,4
2092,20,3
2092,30,5
2093,12,4
2093,33,5
2094,,
2095,50,3
2095,78,4
2095,100,5
2096,101,2
2096,150,4
2097,,
2098,10,5
2098,20,4
2098,30,3
2099,12,3
2099,33,5
2100,,
2101,50,4
2101,100,5
2102,10,2
2102,55,3
2102,78,4
2103,,
2104,12,5
2104,22,3
2105,33,4
2105,44,5
2106,,
2107,50,3
2107,100,4
2107,150,5
2108,1,4
2108,5,3
2109,,
2110,10,5
2110,20,4
2110,30,3
2111,12,5
2111,33,2
2112,,
2113,50,4
2113,78,3
2113,100,5
2114,101,2
2114,150,4
2115,,
2116,10,3
2116,55,5
2116,60,4
2117,12,2
2117,33,5
2118,,
2119,50,4
2119,100,3
2119,150,5
2120,1,2
2120,5,5
2121,,
2122,10,4
2122,20,3
2122,30,5
2123,12,4
2123,33,5
2124,,
2125,50,3
2125,78,4
2125,100,5
2126,101,2
2126,150,4
2127,,
2128,10,5
2128,20,4
2128,30,3
2129,12,3
2129,33,5
2130,,
2131,50,4
2131,100,5
2132,10,2
2132,55,3
2132,78,4
2133,,
2134,12,5
2134,22,3
2135,33,4
2135,44,5
2136,,
2137,50,3
2137,100,4
2137,150,5
2138,1,4
2138,5,3
2139,,
2140,10,5
2140,20,4
2140,30,3
2141,12,5
2141,33,2
2142,,
2143,50,4
2143,78,3
2143,100,5
2144,101,2
2144,150,4
2145,,
2146,10,3
2146,55,5
2146,60,4
2147,12,2
2147,33,5
2148,,
2149,50,4
2149,100,3
2149,150,5
2150,1,2
2150,5,5
2151,,
2152,10,4
2152,20,3
2152,30,5
2153,12,4
2153,33,5
2154,,
2155,50,3
2155,78,4
2155,100,5
2156,101,2
2156,150,4
2157,,
2158,10,5
2158,20,4
2158,30,3
2159,12,3
2159,33,5
2160,,
2161,50,4
2161,100,5
2162,10,2
2162,55,3
2162,78,4
2163,,
2164,12,5
2164,22,3
2165,33,4
2165,44,5
2166,,
2167,50,3
2167,100,4
2167,150,5
2168,1,4
2168,5,3
2169,,
2170,10,5
2170,20,4
2170,30,3
2171,12,5
2171,33,2
2172,,
2173,50,4
2173,78,3
2173,100,5
2174,101,2
2174,150,4
2175,,
2176,10,3
2176,55,5
2176,60,4
2177,12,2
2177,33,5
2178,,
2179,50,4
2179,100,3
2179,150,5
2180,1,2
2180,5,5
2181,,
2182,10,4
2182,20,3
2182,30,5
2183,12,4
2183,33,5
2184,,
2185,50,3
2185,78,4
2185,100,5
2186,101,2
2186,150,4
2187,,
2188,10,5
2188,20,4
2188,30,3
2189,12,3
2189,33,5
2190,,
2191,50,4
2191,100,5
2192,10,2
2192,55,3
2192,78,4
2193,,
2194,12,5
2194,22,3
2195,33,4
2195,44,5
2196,,
2197,50,3
2197,100,4
2197,150,5
2198,1,4
2198,5,3
2199,,
2200,10,5
2200,20,4
2200,30,3
2201,,
2202,10,4
2202,55,5
2203,12,3
2203,33,4
2203,44,5
2204,,
2205,50,3
2205,78,4
2205,100,5
2206,101,2
2206,150,4
2207,,
2208,10,5
2208,20,4
2208,30,3
2209,12,3
2209,33,5
2210,,
2211,50,4
2211,100,5
2212,10,2
2212,55,3
2212,78,4
2213,,
2214,12,5
2214,22,3
2215,33,4
2215,44,5
2216,,
2217,50,3
2217,100,4
2217,150,5
2218,1,4
2218,5,3
2219,,
2220,10,5
2220,20,4
2220,30,3
2221,12,5
2221,33,2
2222,,
2223,50,4
2223,78,3
2223,100,5
2224,101,2
2224,150,4
2225,,
2226,10,3
2226,55,5
2226,60,4
2227,12,2
2227,33,5
2228,,
2229,50,4
2229,100,3
2229,150,5
2230,1,2
2230,5,5
2231,,
2232,10,4
2232,20,3
2232,30,5
2233,12,4
2233,33,5
2234,,
2235,50,3
2235,78,4
2235,100,5
2236,101,2
2236,150,4
2237,,
2238,10,5
2238,20,4
2238,30,3
2239,12,3
2239,33,5
2240,,
2241,50,4
2241,100,5
2242,10,2
2242,55,3
2242,78,4
2243,,
2244,12,5
2244,22,3
2245,33,4
2245,44,5
2246,,
2247,50,3
2247,100,4
2247,150,5
2248,1,4
2248,5,3
2249,,
2250,10,5
2250,20,4
2250,30,3
2251,12,5
2251,33,2
2252,,
2253,50,4
2253,78,3
2253,100,5
2254,101,2
2254,150,4
2255,,
2256,10,3
2256,55,5
2256,60,4
2257,12,2
2257,33,5
2258,,
2259,50,4
2259,100,3
2259,150,5
2260,1,2
2260,5,5
2261,,
2262,10,4
2262,20,3
2262,30,5
2263,12,4
2263,33,5
2264,,
2265,50,3
2265,78,4
2265,100,5
2266,101,2
2266,150,4
2267,,
2268,10,5
2268,20,4
2268,30,3
2269,12,3
2269,33,5
2270,,
2271,50,4
2271,100,5
2272,10,2
2272,55,3
2272,78,4
2273,,
2274,12,5
2274,22,3
2275,33,4
2275,44,5
2276,,
2277,50,3
2277,100,4
2277,150,5
2278,1,4
2278,5,3
2279,,
2280,10,5
2280,20,4
2280,30,3
2281,12,5
2281,33,2
2282,,
2283,50,4
2283,78,3
2283,100,5
2284,101,2
2284,150,4
2285,,
2286,10,3
2286,55,5
2286,60,4
2287,12,2
2287,33,5
2288,,
2289,50,4
2289,100,3
2289,150,5
2290,1,2
2290,5,5
2291,,
2292,10,4
2292,20,3
2292,30,5
2293,12,4
2293,33,5
2294,,
2295,50,3
2295,78,4
2295,100,5
2296,101,2
2296,150,4
2297,,
2298,10,5
2298,20,4
2298,30,3
2299,12,3
2299,33,5
2300,,
2301,50,4
2301,100,5
2302,10,2
2302,55,3
2302,78,4
2303,,
2304,12,5
2304,22,3
2305,33,4
2305,44,5
2306,,
2307,50,3
2307,100,4
2307,150,5
2308,1,4
2308,5,3
2309,,
2310,10,5
2310,20,4
2310,30,3
2311,12,5
2311,33,2
2312,,
2313,50,4
2313,78,3
2313,100,5
2314,101,2
2314,150,4
2315,,
2316,10,3
2316,55,5
2316,60,4
2317,12,2
2317,33,5
2318,,
2319,50,4
2319,100,3
2319,150,5
2320,1,2
2320,5,5
2321,,
2322,10,4
2322,20,3
2322,30,5
2323,12,4
2323,33,5
2324,,
2325,50,3
2325,78,4
2325,100,5
2326,101,2
2326,150,4
2327,,
2328,10,5
2328,20,4
2328,30,3
2329,12,3
2329,33,5
2330,,
2331,50,4
2331,100,5
2332,10,2
2332,55,3
2332,78,4
2333,,
2334,12,5
2334,22,3
2335,33,4
2335,44,5
2336,,
2337,50,3
2337,100,4
2337,150,5
2338,1,4
2338,5,3
2339,,
2340,10,5
2340,20,4
2340,30,3
2341,12,5
2341,33,2
2342,,
2343,50,4
2343,78,3
2343,100,5
2344,101,2
2344,150,4
2345,,
2346,10,3
2346,55,5
2346,60,4
2347,12,2
2347,33,5
2348,,
2349,50,4
2349,100,3
2349,150,5
2350,1,2
2350,5,5
2351,,
2352,10,4
2352,20,3
2352,30,5
2353,12,4
2353,33,5
2354,,
2355,50,3
2355,78,4
2355,100,5
2356,101,2
2356,150,4
2357,,
2358,10,5
2358,20,4
2358,30,3
2359,12,3
2359,33,5
2360,,
2361,50,4
2361,100,5
2362,10,2
2362,55,3
2362,78,4
2363,,
2364,12,5
2364,22,3
2365,33,4
2365,44,5
2366,,
2367,50,3
2367,100,4
2367,150,5
2368,1,4
2368,5,3
2369,,
2370,10,5
2370,20,4
2370,30,3
2371,12,5
2371,33,2
2372,,
2373,50,4
2373,78,3
2373,100,5
2374,101,2
2374,150,4
2375,,
2376,10,3
2376,55,5
2376,60,4
2377,12,2
2377,33,5
2378,,
2379,50,4
2379,100,3
2379,150,5
2380,1,2
2380,5,5
2381,,
2382,10,4
2382,20,3
2382,30,5
2383,12,4
2383,33,5
2384,,
2385,50,3
2385,78,4
2385,100,5
2386,101,2
2386,150,4
2387,,
2388,10,5
2388,20,4
2388,30,3
2389,12,3
2389,33,5
2390,,
2391,50,4
2391,100,5
2392,10,2
2392,55,3
2392,78,4
2393,,
2394,12,5
2394,22,3
2395,33,4
2395,44,5
2396,,
2397,50,3
2397,100,4
2397,150,5
2398,1,4
2398,5,3
2399,,
2400,10,5
2400,20,4
2400,30,3
2401,12,5
2401,33,2
2402,,
2403,50,4
2403,78,3
2403,100,5
2404,101,2
2404,150,4
2405,,
2406,10,3
2406,55,5
2406,60,4
2407,12,2
2407,33,5
2408,,
2409,50,4
2409,100,3
2409,150,5
2410,1,2
2410,5,5
2411,,
2412,10,4
2412,20,3
2412,30,5
2413,12,4
2413,33,5
2414,,
2415,50,3
2415,78,4
2415,100,5
2416,101,2
2416,150,4
2417,,
2418,10,5
2418,20,4
2418,30,3
2419,12,3
2419,33,5
2420,,
2421,50,4
2421,100,5
2422,10,2
2422,55,3
2422,78,4
2423,,
2424,12,5
2424,22,3
2425,33,4
2425,44,5
2426,,
2427,50,3
2427,100,4
2427,150,5
2428,1,4
2428,5,3
2429,,
2430,10,5
2430,20,4
2430,30,3
2431,12,5
2431,33,2
2432,,
2433,50,4
2433,78,3
2433,100,5
2434,101,2
2434,150,4
2435,,
2436,10,3
2436,55,5
2436,60,4
2437,12,2
2437,33,5
2438,,
2439,50,4
2439,100,3
2439,150,5
2440,1,2
2440,5,5
2441,,
2442,10,4
2442,20,3
2442,30,5
2443,12,4
2443,33,5
2444,,
2445,50,3
2445,78,4
2445,100,5
2446,101,2
2446,150,4
2447,,
2448,10,5
2448,20,4
2448,30,3
2449,12,3
2449,33,5
2450,,
2451,50,4
2451,100,5
2452,10,2
2452,55,3
2452,78,4
2453,,
2454,12,5
2454,22,3
2455,33,4
2455,44,5
2456,,
2457,50,3
2457,100,4
2457,150,5
2458,1,4
2458,5,3
2459,,
2460,10,5
2460,20,4
2460,30,3
2461,12,5
2461,33,2
2462,,
2463,50,4
2463,78,3
2463,100,5
2464,101,2
2464,150,4
2465,,
2466,10,3
2466,55,5
2466,60,4
2467,12,2
2467,33,5
2468,,
2469,50,4
2469,100,3
2469,150,5
2470,1,2
2470,5,5
2471,,
2472,10,4
2472,20,3
2472,30,5
2473,12,4
2473,33,5
2474,,
2475,50,3
2475,78,4
2475,100,5
2476,101,2
2476,150,4
2477,,
2478,10,5
2478,20,4
2478,30,3
2479,12,3
2479,33,5
2480,,
2481,50,4
2481,100,5
2482,10,2
2482,55,3
2482,78,4
2483,,
2484,12,5
2484,22,3
2485,33,4
2485,44,5
2486,,
2487,50,3
2487,100,4
2487,150,5
2488,1,4
2488,5,3
2489,,
2490,10,5
2490,20,4
2490,30,3
2491,12,5
2491,33,2
2492,,
2493,50,4
2493,78,3
2493,100,5
2494,101,2
2494,150,4
2495,,
2496,10,3
2496,55,5
2496,60,4
2497,12,2
2497,33,5
2498,,
2499,50,4
2499,100,3
2499,150,5
2500,1,2
2500,5,5
2505,11,5
